<?xml version="1.0" encoding="UTF-8" ?>
<!--
 - (c) Copyright IBM Corporation 2014, 2017.
 - This is licensed under the following license.
 - The Eclipse Public 1.0 License (http://www.eclipse.org/legal/epl-v10.html)
 - U.S. Government Users Restricted Rights:  Use, duplication or disclosure restricted by GSA ADP Schedule Contract with IBM Corp.
-->
<pluginInfo>
	<author name="IBM">
		<organization>IBM</organization>
		<email></email>
		<website></website>
		<bio></bio>
	</author>
	<integration type="automation"/>
	<tool-description>Liquibase is an open source database-independent library for tracking, managing and applying database schema changes.</tool-description>
	<related-info>
	<link title="Liquibase Site" type="WEBSITE" description="Liqubase homepage" url ="http://www.liquibase.org"/>
	</related-info>

      <!-- Do not change the release-version, the build process injects it. -->
      <release-version>2.0e0085a</release-version>

	<release-notes>
		<release-note plugin-version="1">
            Original JazzHub hosted plugin.
		</release-note>
		<release-note plugin-version="2">
            Initial GitHub release.
		</release-note>
	</release-notes>
</pluginInfo>
